,URL,Word Count,Title,H1,Structure
0,https://www.interconstruction.fr/actualites/remplacement-pinel-2025-quelles-sont-les-alternatives/,1795,Remplacement de la loi Pinel en 2025 : quelles alternatives ?,Remplacement Pinel 2025 : quelles sont les alternatives ?,"H2: 
H2: Fin du dispositif Pinel en 2025 : pourquoi ?
H3: Rappel des principes de la loi Pinel
H3: Pourquoi un arrêt programmé en 2025 ?
H3: 
H3: Pourquoi un arrêt programmé en 2025 ?
H3: Conséquences pour les investissements actuels
H2: Quelles alternatives à la loi Pinel après 2025 ?
H3: 
H3: Investir dans l'immobilier neuf : quelles nouvelles mesures ?
H3: Investissement dans les SCPI
H3: Le statut de Loueur en Meublé Non Professionnel (LMNP)
H3: Investir dans l’immobilier à plusieurs avec une SCI
H2: Les nouvelles orientations de la défiscalisation immobilière
H3: Focus sur le potentiel dispositif successeur du Pinel
H3: La transition énergétique, une nouvelle opportunité pour défiscaliser ?
H2: Les autres dispositifs de défiscalisation immobilières
H3: Dispositif Denormandie : investir dans l'ancien
H3: Le déficit foncier : une technique de défiscalisation
H3: La loi Malraux : restaurer pour défiscaliser
H2: Pourquoi diversifier ses investissements ?
H2: Nos dernières actualités
H3: Garantie de livraison : vos droits et les recours possibles
H3: Tout ce qu’il faut savoir sur le Bail Réel Solidaire (BRS)
H3: Primo-accédants : financer son premier achat immobilier"
1,https://www.valority.com/investir-immobilier/loi-pinel/,1671,Loi Pinel 2025 : comment continuer à investir dans l'immobilier ?,Loi Pinel 2025 : que faire après le 31 mars ?,"H2: Pourquoi la Loi Pinel a pris fin ?
H2: Fin de la loi Pinel en 2025 : quelles alternatives ?
H2: Qu'est-ce que le Loueur en Meublé Non Professionnel (LMNP) ?
H2: Pourquoi investir en Loi Denormandie ?
H2: Rappels sur la loi Pinel en 2024
H2: Comprendre la loi Pinel en 1 minute
H2: Les avantages Pinel
H2: Les étapes d’un investissement Pinel
H2: Quelles sont les conditions d' éligibilité ?
H2: Quelles sont les zones éligibles à la loi Pinel en 2025 ?
H2: Comment calculer vos plafonds ?
H3: Le plafond des loyers
H3: Le plafond de ressources
H2: Ils nous ont fait confiance
H2: FAQ comment se passe un investissement pinel ?*
H3: Questions fréquentes
H2: Pour aller plus loin
H3: A lire également
H3: LMNP
H3: Immobilier ancien"
2,https://www.masteos.com/guide/fiscalite/defiscalisation/pinel-2025,1272,Pinel 2025 : Les alternatives- Masteos,"Loi Pinel en 2025, où en est-on ?","H2: La loi Pinel, c’est quoi ?
H3: Les conditions pour bénéficier de la loi Pinel
H2: Pourquoi l’Etat a choisi de mettre fin au Pinel ?
H2: Comment réduire ses impôts avec l’immobilier en 2025 ?
H3: La loi Denormandie
H3: Le dispositif Loc’Avantages
H3: Le Déficit Foncier
H3: La Location Meublée Non Professionnelle (LMNP) avec le régime réel
H2: Sur le même thème
H2: Vous n'êtes pas expert en investissement locatif ?"
3,https://www.monmarcheimmobilier.fr/conseil/pinel-2025,1640,Loi Pinel 2025 : un dispositif prolongé jusqu'au 31 mars,Loi Pinel 2025 : un dispositif prolongé jusqu'au 31 mars,"H2: L'investissement en loi Pinel : c'est quoi ?
H2: Rappel des taux de réduction d'impôt sur le revenu
H2: La fin du Pinel reportée au 31 décembre 2025 !
H2: Qui est concerné par la prolongation du régime Pinel ?
H2: Une prorogation nécessaire face à un marché immobilier en difficulté
H2: Un autre dispositif de défiscalisation vient-il en remplacement du Pinel ?
H2: Trois alternatives au Pinel après mars 2025
H3: 1. Le statut LMNP
H3: 2. La loi Malraux
H3: 3. Le dispositif Denormandie"
4,https://www.la-loi-pinel.com/,2674,Loi Pinel : Comment investir et réduire son impôt en 2025 ? | La-loi-pinel.com,,"H2: Qu'est-ce que la loi
        Pinel ?
H3: La loi Pinel en bref d'après le texte officiel :
H3: Comprendre la loi Pinel en une minute
H2: Fin du dispositif Pinel : quelles alternatives envisager à partir de 2025 ?
H3: Le guide PDF
                2025
H2: Comment
      fonctionne la réduction d'impôt sur le revenu ?
H3: Les avantages des différentes réductions d'impôt sur le revenu
H3: Depuis 2023 : le dispositif Pinel plus
H3: Pourquoi le taux de réduction d'impôt baisse-t-il en 2023 et 2024 ?
H3: Comment calculer la réduction d'impôt ?
H3: Simulateur : calculez
            votre réduction d'impôt
H3: Les autres avantages d'un investissement locatif
H2: Quelles sont les
        conditions à respecter pour investir en loi Pinel ?
H3: Les conditions du dispositif Pinel liées aux contribuables
H3: Les conditions liées au logement Pinel
H3: Les conditions liées aux zones Pinel : A, Abis ou B1
H3: Location Pinel : les conditions
            liées à la mise en location du logement
H3: Les conditions liées aux plafonds de la loi Pinel
H3: Suis-je éligible au dispositif Pinel ?
H2: Où investir en loi Pinel
        ?
H3: Top 3 des villes où investir avec le dispositif Pinel
H3: Les meilleurs programmes immobiliers Pinel disponibles
H2: Exemple d’un
      investissement en loi Pinel
H2: Quels sont les risques et les pièges à éviter lors d'un
        investissement Pinel ?
H2: Comment remplir sa
      déclaration fiscale Pinel ?
H2: Questions/Réponses
H3: Peut-on cumuler la loi Pinel avec d'autres dispositifs fiscaux ?
H3: Peut-on perdre l'avantage fiscal ?
H3: Existe-t-il des différences entre la loi Duflot et la loi Pinel ?
H3: Qu'est-ce que
        la loi Pinel pour les professionnels ?
H2: Actualités & Dossiers de
      l’immobilier
H2: Pourquoi faire confiance à notre site ?"
5,https://www.manda.fr/ressources/articles/pinel-2023-est-ce-toujours-une-option-rentable-pour-linvestissement-locatif,0,Pinel 2025 : un dispositif dÃ©fiscalisant toujours intÃ©ressant ?,,H2: Bail bail les galÃ¨res
6,https://imavenir.com/alternatives-investissement-fin-pinel-2025/,646,Sur quoi investir après la fin du Pinel : alternatives pour 2025 ?,Sur quoi investir après la fin du Pinel : alternatives pour 2025 ?,"H2: Le statut LMNP : la fiscalité avantageuse de la location meublée
H2: Le déficit foncier : valoriser l’ancien avec des travaux
H2: Le dispositif Denormandie : encourager la rénovation dans l’ancien
H2: Loc’Avantages : une fiscalité ajustée à la politique des loyers
H2: Miser sur l’ancien dans des emplacements stratégiques
H2: Diversification via les SCPI et SCI
H2: Un tournant vers des stratégies sur-mesure
H2: Recommandations de lecture
H2: 5 spécificités de l’investissement locatif dans l’ancien à connaître avant de se lancer
H2: Investir dans l’immobilier locatif à Boulogne-Billancourt en 2025
H2: 5 critères pour évaluer l’état général d’un bien dans l’ancien pour l’investissement locatif
H2: ImAvenir, spécialiste de l’investissement locatif clé-en-main dans le Grand Paris"
7,https://www.loi-pinel-info.org/,5315,LOI PINEL 2025 ⇒ Comment ça marche ? Nouveautés et Changement,Loi Pinel 2025 : Comment cela fonctionne ?,"H2: Réduisez vos impôts jusqu’à 6000€ par an pendant 12 ans avec la loi Pinel 2025
H2: Loi Pinel 2025 : Comment ça marche ?
H2: Quelles sont les avantages de la loi Pinel ?
H3: La défiscalisation avec la loi Pinel
H3: Taux de la réduction d’impôt en Loi Pinel
H3: La réduction d’impôt varie en fonction de la durée de location
H2: Comment calculer la défiscalisation ?
H2: Quel logement est éligible ?
H3: Les zones : Abis, A, B1, B2 et C
H2: Exemple de simulation Pinel
H2: Témoignages d’investisseurs
H2: Foire aux questions
H3: Peut-on louer à un ascendant ou descendant ?
H3: Est-il possible de faire de la SCPI Pinel ?
H3: Il y a t’il des obligations déclaratives pour en bénéfier ?
H3: Actualités Loi Pinel :
H2: Sommaire
H3: 88 réponses"
8,https://www.pichet.fr/actualites/fin-pinel-alternatives,1100,Immobilier : les alternatives aux dispositifs Pinel en 2025,Immobilier : les alternatives au Pinel en 2025,"H2: Derniers mois pour le dispositif Pinel
H3: La fiscalité attractive de la loi Pinel
H3: Les dernières opportunités du Pinel
H2: La location meublée non professionnelle (LMNP)
H2: L’investissement LMNP en résidences de services
H2: Location nue : le déficit foncier pour déduire des charges
H2: Investir en nue-propriété : des avantages importants sur le long terme"
