,URL,Title,H1,Structure H2-H3
0,https://www.valority.com/investir-immobilier/loi-pinel/,Loi Pinel 2025 : comment continuer à investir dans l'immobilier ?,Loi Pinel 2025 : que faire après le 31 mars ?,"H2: Pourquoi la Loi Pinel a pris fin ?
H2: Fin de la loi Pinel en 2025 : quelles alternatives ?
H2: Qu'est-ce que le Loueur en Meublé Non Professionnel (LMNP) ?
H2: Pourquoi investir en Loi Denormandie ?
H2: Rappels sur la loi Pinel en 2024
H2: Comprendre la loi Pinel en 1 minute
H2: Les avantages Pinel
H2: Les étapes d’un investissement Pinel
H2: Quelles sont les conditions d' éligibilité ?
H2: Quelles sont les zones éligibles à la loi Pinel en 2025 ?
H2: Comment calculer vos plafonds ?
H2: Ils nous ont fait confiance
H2: FAQ comment se passe un investissement pinel ?*
H2: Pour aller plus loin
H3: Le plafond des loyers
H3: Le plafond de ressources
H3: Questions fréquentes
H3: A lire également
H3: LMNP
H3: Immobilier ancien"
1,https://www.monmarcheimmobilier.fr/conseil/pinel-2025,Loi Pinel 2025 : un dispositif prolongé jusqu'au 31 mars,Loi Pinel 2025 : un dispositif prolongé jusqu'au 31 mars,"H2: L'investissement en loi Pinel : c'est quoi ?
H2: Rappel des taux de réduction d'impôt sur le revenu
H2: La fin du Pinel reportée au 31 décembre 2025 !
H2: Qui est concerné par la prolongation du régime Pinel ?
H2: Une prorogation nécessaire face à un marché immobilier en difficulté
H2: Un autre dispositif de défiscalisation vient-il en remplacement du Pinel ?
H2: Trois alternatives au Pinel après mars 2025
H3: 1. Le statut LMNP
H3: 2. La loi Malraux
H3: 3. Le dispositif Denormandie"
2,https://www.interconstruction.fr/actualites/remplacement-pinel-2025-quelles-sont-les-alternatives/,Remplacement de la loi Pinel en 2025 : quelles alternatives ?,Remplacement Pinel 2025 : quelles sont les alternatives ?,"H2: 
H2: Fin du dispositif Pinel en 2025 : pourquoi ?
H2: Quelles alternatives à la loi Pinel après 2025 ?
H2: Les nouvelles orientations de la défiscalisation immobilière
H2: Les autres dispositifs de défiscalisation immobilières
H2: Pourquoi diversifier ses investissements ?
H2: Nos dernières actualités
H3: Rappel des principes de la loi Pinel
H3: Pourquoi un arrêt programmé en 2025 ?
H3: 
H3: Pourquoi un arrêt programmé en 2025 ?
H3: Conséquences pour les investissements actuels
H3: 
H3: Investir dans l'immobilier neuf : quelles nouvelles mesures ?
H3: Investissement dans les SCPI
H3: Le statut de Loueur en Meublé Non Professionnel (LMNP)
H3: Investir dans l’immobilier à plusieurs avec une SCI
H3: Focus sur le potentiel dispositif successeur du Pinel
H3: La transition énergétique, une nouvelle opportunité pour défiscaliser ?
H3: Dispositif Denormandie : investir dans l'ancien
H3: Le déficit foncier : une technique de défiscalisation
H3: La loi Malraux : restaurer pour défiscaliser
H3: Garantie de livraison : vos droits et les recours possibles
H3: Tout ce qu’il faut savoir sur le Bail Réel Solidaire (BRS)
H3: Primo-accédants : financer son premier achat immobilier"
3,https://www.loi-pinel-info.org/,LOI PINEL 2025 ⇒ Comment ça marche ? Nouveautés et Changement,Loi Pinel 2025 : Comment cela fonctionne ?,"H2: Réduisez vos impôts jusqu’à 6000€ par an pendant 12 ans avec la loi Pinel 2025
H2: Loi Pinel 2025 : Comment ça marche ?
H2: Quelles sont les avantages de la loi Pinel ?
H2: Comment calculer la défiscalisation ?
H2: Quel logement est éligible ?
H2: Exemple de simulation Pinel
H2: Témoignages d’investisseurs
H2: Foire aux questions
H2: Sommaire
H3: La défiscalisation avec la loi Pinel
H3: Taux de la réduction d’impôt en Loi Pinel
H3: La réduction d’impôt varie en fonction de la durée de location
H3: Les zones : Abis, A, B1, B2 et C
H3: Peut-on louer à un ascendant ou descendant ?
H3: Est-il possible de faire de la SCPI Pinel ?
H3: Il y a t’il des obligations déclaratives pour en bénéfier ?
H3: Actualités Loi Pinel :
H3: 88 réponses"
4,https://www.masteos.com/guide/fiscalite/defiscalisation/pinel-2025,Pinel 2025 : Les alternatives- Masteos,"Loi Pinel en 2025, où en est-on ?","H2: La loi Pinel, c’est quoi ?
H2: Pourquoi l’Etat a choisi de mettre fin au Pinel ?
H2: Comment réduire ses impôts avec l’immobilier en 2025 ?
H2: Sur le même thème
H2: Vous n'êtes pas expert en investissement locatif ?
H3: Les conditions pour bénéficier de la loi Pinel
H3: La loi Denormandie
H3: Le dispositif Loc’Avantages
H3: Le Déficit Foncier
H3: La Location Meublée Non Professionnelle (LMNP) avec le régime réel"
5,https://www.la-loi-pinel.com/,Loi Pinel : Comment investir et réduire son impôt en 2025 ? | La-loi-pinel.com,"Jusqu'à 63
              000€ de réduction d'impôt sur 12 ans avec la loi Pinel","H2: Qu'est-ce que la loi
        Pinel ?
H2: Fin du dispositif Pinel : quelles alternatives envisager à partir de 2025 ?
H2: Comment
      fonctionne la réduction d'impôt sur le revenu ?
H2: Quelles sont les
        conditions à respecter pour investir en loi Pinel ?
H2: Où investir en loi Pinel
        ?
H2: Exemple d’un
      investissement en loi Pinel
H2: Quels sont les risques et les pièges à éviter lors d'un
        investissement Pinel ?
H2: Comment remplir sa
      déclaration fiscale Pinel ?
H2: Questions/Réponses
H2: Actualités & Dossiers de
      l’immobilier
H2: Pourquoi faire confiance à notre site ?
H3: La loi Pinel en bref d'après le texte officiel :
H3: Comprendre la loi Pinel en une minute
H3: Le guide PDF
                2025
H3: Les avantages des différentes réductions d'impôt sur le revenu
H3: Depuis 2023 : le dispositif Pinel plus
H3: Pourquoi le taux de réduction d'impôt baisse-t-il en 2023 et 2024 ?
H3: Comment calculer la réduction d'impôt ?
H3: Simulateur : calculez
            votre réduction d'impôt
H3: Les autres avantages d'un investissement locatif
H3: Les conditions du dispositif Pinel liées aux contribuables
H3: Les conditions liées au logement Pinel
H3: Les conditions liées aux zones Pinel : A, Abis ou B1
H3: Location Pinel : les conditions
            liées à la mise en location du logement
H3: Les conditions liées aux plafonds de la loi Pinel
H3: Suis-je éligible au dispositif Pinel ?
H3: Top 3 des villes où investir avec le dispositif Pinel
H3: Les meilleurs programmes immobiliers Pinel disponibles
H3: Peut-on cumuler la loi Pinel avec d'autres dispositifs fiscaux ?
H3: Peut-on perdre l'avantage fiscal ?
H3: Existe-t-il des différences entre la loi Duflot et la loi Pinel ?
H3: Qu'est-ce que
        la loi Pinel pour les professionnels ?"
6,https://imavenir.com/alternatives-investissement-fin-pinel-2025/,Sur quoi investir après la fin du Pinel : alternatives pour 2025 ?,Sur quoi investir après la fin du Pinel : alternatives pour 2025 ?,"H2: Le statut LMNP : la fiscalité avantageuse de la location meublée
H2: Le déficit foncier : valoriser l’ancien avec des travaux
H2: Le dispositif Denormandie : encourager la rénovation dans l’ancien
H2: Loc’Avantages : une fiscalité ajustée à la politique des loyers
H2: Miser sur l’ancien dans des emplacements stratégiques
H2: Diversification via les SCPI et SCI
H2: Un tournant vers des stratégies sur-mesure
H2: Recommandations de lecture
H2: 5 spécificités de l’investissement locatif dans l’ancien à connaître avant de se lancer
H2: Investir dans l’immobilier locatif à Boulogne-Billancourt en 2025
H2: 5 critères pour évaluer l’état général d’un bien dans l’ancien pour l’investissement locatif
H2: ImAvenir, spécialiste de l’investissement locatif clé-en-main dans le Grand Paris"
7,https://www.pichet.fr/actualites/fin-pinel-alternatives,Immobilier : les alternatives aux dispositifs Pinel en 2025,Immobilier : les alternatives au Pinel en 2025,"H2: Derniers mois pour le dispositif Pinel
H2: La location meublée non professionnelle (LMNP)
H2: L’investissement LMNP en résidences de services
H2: Location nue : le déficit foncier pour déduire des charges
H2: Investir en nue-propriété : des avantages importants sur le long terme
H3: La fiscalité attractive de la loi Pinel
H3: Les dernières opportunités du Pinel"
8,https://www.cogedim.com/investir/les-solutions-pour-investir-dans-le-neuf/le-dispositif-pinel/alternatives-pinel-2025/,- Quelles sont les alternatives Ã  la loi Pinel pour investir en 2025 ? | Cogedim,Quelles sont les alternatives Ã  la loi Pinel pour investir en 2025 ?,"H2: La loi Pinel, c'est quoi exactement ?
H2: Quand va s' arrÃªter la loi Pinel ?
H2: Qu' est-ce qui va remplacer la loi Pinel ?
H2: Quelles sont les alternatives pour la dÃ©fiscalisation immobiliÃ¨re en 2025 ?
H2: Quels placements financiers envisager en 2025 en raison de la fin du dispositif Pinel ?
H2: Comment faire le bon choix ?
H2: Demande dâÃ©tude personnalisÃ©e
H2: Sur le mÃªme sujet
H2: DÃ©couvrez nos programmes
H2: Trouvez votre futur logement neuf qui vous ressemble
H3: Le statut de Loueur en MeublÃ© Non Professionnel (LMNP)
H3: Les SociÃ©tÃ©s Civiles de Placement Immobilier (SCPI)
H3: La SociÃ©tÃ© Civile ImmobiliÃ¨re (SCI)
H3: L'assurance-vie
H3: Les fonds d'Investissement dans l'Innovation (FIP et FCPI)
H3: Clap de fin pour la loi Pinel : jusqu'Ã  quand en profiter ?
H3: Tout savoir sur la fiscalitÃ© en LMNP
H3: SCI
H3: DÃ©ficit foncier ou LMNP ?
H3: Villes les plus recherchÃ©es"
9,https://www.vinci-immobilier.com/actualites/alternatives-pinel,"Fin du Pinel, quelles sont les alternatives en 2025 ? | VINCI Immobilier","Fin du Pinel, quelles sont les alternatives en 2025 ?","H2: Quelles sont les meilleures options de défiscalisation après le Pinel ?
H2: Quels sont les critères de choix pour un investissement immobilier post-Pinel ?
H2: Quels sont les changements réglementaires prévus pour 2025 ?
H2: Découvrez nos actualités
H3: Le LMNP
H3: Le LLI
H3: La nue-propriété
H3: La loi Denormandie
H3: Le déficit foncier
H3: Les lois Malraux et Monuments historiques"
10,https://www.trouver-un-logement-neuf.com/immobilier-infos/alternatives-et-solutions-pour-remplacer-loi-pinel-investir-2025-10572.html,Quelles alternatives pour remplacer la loi Pinel afin d'investir dans l'immobilier en 2025 ?,Quelles alternatives à la loi Pinel pour investir dans l'immobilier en 2025 ?,"H2: Le LMNP : investir dans le meublé pour conserver un levier fiscal
H2: La loi Denormandie : défiscaliser en rénovant l’ancien
H2: La nue-propriété : un levier patrimonial sans alourdir sa fiscalité
H2: La loi Malraux : défiscalisation et préservation du patrimoine
H2: Le Prêt Locatif Social ou PLS pour investir de manière éthique
H2: SCPI et SCI : investir dans l’immobilier sans les contraintes de gestion
H2: Le crowdfunding immobilier : une approche alternative et moderne
H2: Une diversité de solutions pour investir en 2025
H2: Découvrez notre sélection de programmes neufs
H3: Les avantages du LMNP
H3: Vers du LMNP non-géré ?
H3: Comment ça fonctionne ?
H3: Pourquoi choisir le dispositif Denormandie ?
H3: Les atouts de la nue-propriété
H3: Qui pour investir en démembrement ?
H3: Avantages principaux du mécanisme Malraux
H3: Les contraintes d'un investissement Malraux
H3: Pourquoi choisir le PLS ?
H3: Conditions d’éligibilité
H3: SCPI, Sociétés Civiles de Placement Immobilier
H3: SCI, Société Civile Immobilière
H3: Les précautions à prendre, les pièges à éviter
H3: En savoir plus :
H3: Autres paroles d'experts les plus récentes"
11,https://gestia-solidaire.com/investir-apres-pinel-alternatives-2025/,Investir après Pinel : alternatives rentables avec GESTIA Solidaire,"Investir après Pinel, les alternatives rentables dans le neuf et l'ancien","H2: Vous n'avez pas pu investir en Pinel ? Voici les alternatives rentables et innovantes en 2025 !
H2: Pourquoi le dispositif Pinel a-t-il pris fin ?
H2: Investir après Pinel : des solutions existent encore pour investir dans le neuf
H2: Investir après Pinel, des opportunités d'investissement dans l'ancien
H2: Découvrer nos articles
H3: Vous êtes dans l’un de ces cas ?
H3: 1. Le montage PLS + Loc’Avantages : innovation et rentabilité
H3: Vous avez réservé votre bien en pensant au PINEL mais pas encore acheté car le dispositif n'est plus valable ?
H3: 2. Le LLI (Logement Locatif Intermédiaire)
H3: Vous avez déjà acheté un bien ? Pensez à optimiser !
H3: Vous n’avez pas encore acheté ? C’est le moment idéal !
H3: ➡️ Demandez votre simulation personnalisée pour investir après Pinel
H3: Nos services vous intéressent ?
H3: Laisser un commentaire Annuler la réponse
H3: Après le Pinel : comment continuer à défiscaliser ?
H3: Comment Faire Fructifier son Investissement Pinel Après 9 Ans
H3: Vous souhaitez être accompagnés ?"
12,https://www.cafpi.fr/credit-immobilier/actualites/fin-pinel-alternatives-investissement-immobilier-2025,Pinel s'arrête : quelles alternatives en 2025 ?,Fin du Pinel : Quelles alternatives pour investir dans l'immobilier en 2025 ?,"H2: La loi Pinel : Bilan et raisons de sa disparition
H2: La loi Denormandie : Une option de rénovation urbaine
H2: Le Logement Locatif Intermédiaire (LLI) : Un héritier potentiel ?
H2: Quelles autres pistes pour investir dans l'immobilier locatif ?
H2: Les dernières actualités"
13,https://www.masteos.com/fr/guide/fiscalite/defiscalisation/pinel-2025,Pinel 2025 : Les alternatives- Masteos,"Loi Pinel en 2025, où en est-on ?","H2: La loi Pinel, c’est quoi ?
H2: Pourquoi l’Etat a choisi de mettre fin au Pinel ?
H2: Comment réduire ses impôts avec l’immobilier en 2025 ?
H2: Sur le même thème
H2: Vous n'êtes pas expert en investissement locatif ?
H3: Les conditions pour bénéficier de la loi Pinel
H3: La loi Denormandie
H3: Le dispositif Loc’Avantages
H3: Le Déficit Foncier
H3: La Location Meublée Non Professionnelle (LMNP) avec le régime réel"
14,https://www.medicis-patrimoine.com/actualites-immobilier-neuf/guides-conseils/2025/01/08/4106-fin-de-la-loi-pinel-les-alternatives-pour-votre-investissement-locatif.html,Fin de la loi Pinel : les alternatives pour votre investissement locatif | Médicis Immobilier Neuf,Fin de la loi Pinel : les alternatives pour votre investissement locatif,"H2: Quand va s'arrêter la loi Pinel 2024 et pourquoi ? Date et changement
H2: Pour rappel : qu'est-ce que la loi Pinel ? Définition et défiscalisation
H2: Qu'est-ce qui va remplacer la loi Pinel en 2025 ?
H2: La clé de la rentabilité ? La diversification des investissements immobiliers !
H2: Loi Pinel ou non, pourquoi investir dans l'immobilier neuf aujourd'hui ?
H2: Articles associés
H2: Accès rapide aux rubriques
H3: Un investissement immobilier en location nue pour plus de flexibilité
H3: Le LMNP, Loueur en Meublé Non Professionnel pour un investissement locatif meublé et bien pensé
H3: 
H3: Zoom sur la SCI, Société Civile Immobilière et la SCPI, Société Civile de Placement Immobilier pour un investissement locatif sans contrainte
H3: Dispositif Malraux, c'est quoi ? Une alternative à la loi Pinel pour investir dans un logement d'avenir ?
H3: Le dispositif Location abordable : un dispositif pour louer un bien à des tarifs plafonnés pour bénéficier d'une fiscalité allégée
H3: Le PLS ou Prêt Locatif Social pour un investissement éthique dans l'air du temps
H3: Rubriques
H3: Recherche d'un programme neuf
H3: S'inscrire à la newsletter
H3: Archives
H3: Téléchargez nos guides immobiliers
H3: Tags
H3: Retrouvez nos programmes immobiliers neufs en france Pour l'achat de votre résidence principale
H3: Calculettes financières
H3: Simulation Pinel
H3: Simulation PTZ+"
